"category","title","level","description","starter_code","test_cases","hints","id"
"python-basics","Palindrome Checker","beginner","Bir kelimenin veya cümlenin palindrome olup olmadığını kontrol et.
Büyük/küçük harf fark etmesin, boşluk ve noktalama işaretlerini yok say.
Örnek: 'A man a plan a canal Panama' → True","def is_palindrome(text: str","[{""input"": ""radar"", ""expected"": true}, {""input"": ""Python"", ""expected"": false}, {""input"": ""A man a plan a canal Panama"", ""expected"": true}, {""input"": ""hello"", ""expected"": false}]","[""💡 İpucu 1: Önce metnin yalnızca harf ve rakamlardan oluşan temiz halini oluştur. ''.join(...) ve str.isalnum() kullanabilirsin."", ""💡 İpucu 2: Büyük/küçük harf farkını ortadan kaldırmak için .lower() metodunu kullan."", ""💡 İpucu 3: Temizlenmiş string'i tersiyle karşılaştır: cleaned == cleaned[::-1]""]","1"
"python-basics","Emoji FizzBuzz","beginner","1'den n'e kadar say.
3'e bölünüyorsa 'Fizz🎉', 5'e bölünüyorsa 'Buzz🚀',
her ikisine de bölünüyorsa 'FizzBuzz🎊' yaz.
Diğer sayıları string olarak ekle.","def emoji_fizzbuzz(n: int","[{""input"": 5, ""expected"": [""1"", ""2"", ""Fizz🎉"", ""4"", ""Buzz🚀""]}, {""input"": 15, ""expected"": [""1"", ""2"", ""Fizz🎉"", ""4"", ""Buzz🚀"", ""Fizz🎉"", ""7"", ""8"", ""Fizz🎉"", ""Buzz🚀"", ""11"", ""Fizz🎉"", ""13"", ""14"", ""FizzBuzz🎊""]}]","[""💡 İpucu 1: Önce hem 3 hem 5'e bölünme durumunu kontrol et (FizzBuzz🎊). Sıra önemli!"", ""💡 İpucu 2: Bölünebilirlik için % (modulo) operatörünü kullan: i % 3 == 0"", ""💡 İpucu 3: Hiçbir koşula uymuyorsa sayıyı string'e çevir: str(i)""]","2"
"python-basics","Kelimelerin En Uzunu","beginner","Bir cümledeki en uzun kelimeyi ve uzunluğunu döndür.
Birden fazla aynı uzunlukta kelime varsa ilkini döndür.
Not: Sonuç [kelime, uzunluk] şeklinde liste olmalı.","def longest_word(sentence: str","[{""input"": ""Python çok eğlenceli bir dil"", ""expected"": [""eğlenceli"", 9]}, {""input"": ""Merhaba dünya"", ""expected"": [""Merhaba"", 7]}, {""input"": ""a bb ccc"", ""expected"": [""ccc"", 3]}]","[""💡 İpucu 1: sentence.split() ile cümleyi kelimelere ayır."", ""💡 İpucu 2: max(words, key=len) ile en uzun kelimeyi bul."", ""💡 İpucu 3: Sonucu liste olarak döndür: [word, len(word)]""]","3"
"python-basics","Sihirli Kare Kontrolü","beginner","Verilen 3x3 liste bir sihirli kare mi?
Satır, sütun ve iki çapraz toplamların hepsi eşit olmalı.","def is_magic_square(grid: list","[{""input"": [[2, 7, 6], [9, 5, 1], [4, 3, 8]], ""expected"": true}, {""input"": [[1, 2, 3], [4, 5, 6], [7, 8, 9]], ""expected"": false}]","[]","4"
"python-basics","Sayı Tahmin Skoru","beginner","Kullanıcının tahminleri ve gerçek sayı verildiğinde,
kaç tahminin tam doğru, kaç tahminin ±5 içinde, kaç tahminin uzak olduğunu döndür.","def score_guesses(guesses: list, secret: int","[{""input"": {""guesses"": [10, 12, 50, 11], ""secret"": 10}, ""expected"": {""exact"": 1, ""close"": 2, ""far"": 1}}, {""input"": {""guesses"": [1, 2, 3], ""secret"": 100}, ""expected"": {""exact"": 0, ""close"": 0, ""far"": 3}}]","[""💡 İpucu 1: abs(guess - secret) ile farkın mutlak değerini al."", ""💡 İpucu 2: diff == 0 ise 'exact', diff <= 5 ise 'close', değilse 'far'."", ""💡 İpucu 3: Sonuçları sayacak bir dict oluştur ve döngüde güncelle.""]","5"
"python-basics","Asal Sayı Kontrolü","beginner","Verilen sayının asal olup olmadığını kontrol et.
1 ve altındaki sayılar asal değildir.","def is_prime(n: int","[{""input"": 2, ""expected"": true}, {""input"": 17, ""expected"": true}, {""input"": 1, ""expected"": false}, {""input"": 9, ""expected"": false}]","[""💡 İpucu 1: n <= 1 ise direkt False döndür."", ""💡 İpucu 2: 2'den √n'e kadar bölenleri kontrol et: range(2, int(n**0.5)+1)"", ""💡 İpucu 3: Herhangi bir bölen bulursan False, döngü biterse True döndür.""]","7"
"python-basics","Liste Düzleştirme","beginner","İç içe geçmiş listeyi tek seviyeli listeye dönüştür.
Yalnızca bir seviye derinlik garantilidir.","def flatten(nested: list","[{""input"": [[1, 2], [3, 4], [5]], ""expected"": [1, 2, 3, 4, 5]}, {""input"": [[10], [20, 30], [40, 50, 60]], ""expected"": [10, 20, 30, 40, 50, 60]}]","[""💡 İpucu 1: Boş bir liste oluştur ve her alt listeyi üzerine extend() et."", ""💡 İpucu 2: List comprehension ile: [item for sublist in nested for item in sublist]"", ""💡 İpucu 3: itertools.chain.from_iterable(nested) de çalışır.""]","8"
"python-basics","Fibonacci Dizisi","beginner","İlk n Fibonacci sayısını liste olarak döndür.
F(0","def fibonacci(n: int","[{""input"": 7, ""expected"": [0, 1, 1, 2, 3, 5, 8]}, {""input"": 1, ""expected"": [0]}, {""input"": 2, ""expected"": [0, 1]}]","[]","9"
"python-basics","Anagram Kontrolü","beginner","İki kelimenin anagram olup olmadığını kontrol et.
Büyük/küçük harf ve boşluk fark etmesin.","def is_anagram(word1: str, word2: str","[{""input"": {""word1"": ""listen"", ""word2"": ""silent""}, ""expected"": true}, {""input"": {""word1"": ""hello"", ""word2"": ""world""}, ""expected"": false}, {""input"": {""word1"": ""Astronomer"", ""word2"": ""Moon starer""}, ""expected"": true}]","[""💡 İpucu 1: Her iki string'i .lower() yap ve boşlukları kaldır."", ""💡 İpucu 2: sorted() ile harfleri sırala ve karşılaştır: sorted(a) == sorted(b)"", ""💡 İpucu 3: Ya da Counter(a) == Counter(b) ile frekans karşılaştır.""]","10"
"python-basics","Kelime Tersleyici","beginner","Cümledeki kelimelerin sırasını tersine çevir,
fakat kelimelerin kendisini tersine çevirme.","def reverse_words(sentence: str","[{""input"": ""Merhaba Dünya"", ""expected"": ""Dünya Merhaba""}, {""input"": ""Python çok güzel"", ""expected"": ""güzel çok Python""}]","[""💡 İpucu 1: sentence.split() ile kelimelere ayır."", ""💡 İpucu 2: words[::-1] veya reversed(words) ile sırayı tersine çevir."", ""💡 İpucu 3: ' '.join(...) ile tekrar birleştir.""]","11"
"python-basics","İkinci En Büyük","beginner","Bir listedeki ikinci en büyük eşsiz sayıyı döndür.
Eğer yoksa None döndür.","def second_largest(numbers: list","[{""input"": [3, 1, 4, 1, 5, 9, 2, 6], ""expected"": 6}, {""input"": [5, 5, 5], ""expected"": null}, {""input"": [10, 20], ""expected"": 10}]","[""💡 İpucu 1: Önce set() ile tekrarları kaldır."", ""💡 İpucu 2: sorted() veya max() kullanarak en büyükleri bul."", ""💡 İpucu 3: len(unique) < 2 ise None döndür, yoksa sorted(unique)[-2]""]","12"
"python-basics","Sezar Şifresi","beginner","Metni n karakter kaydırarak şifrele (yalnızca İngilizce harfler","def caesar_cipher(text: str, shift: int","[{""input"": {""text"": ""Hello"", ""shift"": 3}, ""expected"": ""Khoor""}, {""input"": {""text"": ""xyz"", ""shift"": 3}, ""expected"": ""abc""}, {""input"": {""text"": ""Hello, World!"", ""shift"": 13}, ""expected"": ""Uryyb, Jbeyq!""}]","[""💡 İpucu 1: ord() ile karakterin ASCII kodunu al, chr() ile geri dönüştür."", ""💡 İpucu 2: Büyük harf için: chr((ord(c) - ord('A') + shift) % 26 + ord('A'))"", ""💡 İpucu 3: Harf olmayanları (noktalama vb.) olduğu gibi bırak.""]","13"
"python-basics","Matris Transpozu","beginner","","def transpose(matrix: list","[{""input"": [[1, 2, 3], [4, 5, 6]], ""expected"": [[1, 4], [2, 5], [3, 6]]}, {""input"": [[1, 2], [3, 4], [5, 6]], ""expected"": [[1, 3, 5], [2, 4, 6]]}]","[""💡 İpucu 1: zip(*matrix) sihirli bir araçtır — satırları transpose eder."", ""💡 İpucu 2: [list(row) for row in zip(*matrix)] ile sonucu listele."", ""💡 İpucu 3: Manuel yol: result[j][i] = matrix[i][j] ile iç içe döngü.""]","14"
"python-basics","Parantez Dengesi","beginner","Verilen bir string'deki parantezlerin dengeli olup olmadığını kontrol et.
(","def is_balanced(s: str","[{""input"": ""([]{})"", ""expected"": true}, {""input"": ""([)]"", ""expected"": false}, {""input"": """", ""expected"": true}, {""input"": ""((("", ""expected"": false}]","[]","16"
"python-basics","Run-Length Encoding","beginner","Bir string'i run-length encoding ile sıkıştır.
'aaabbc' → '3a2b1c'","def rle_encode(s: str","[{""input"": ""aaabbc"", ""expected"": ""3a2b1c""}, {""input"": ""aabbccdd"", ""expected"": ""2a2b2c2d""}, {""input"": ""abc"", ""expected"": ""1a1b1c""}]","[""💡 İpucu 1: Mevcut karakteri ve sayısını tut: current_char, count."", ""💡 İpucu 2: Karakter değişince sonucu ekle: result += str(count) + current_char"", ""💡 İpucu 3: Döngü bittikten sonra son grubu da eklemeyi unutma.""]","18"
"python-basics","Kelime Sıklığı","beginner","Bir metindeki en sık geçen k kelimeyi döndür.
Büyük/küçük harf duyarlı olmasın, noktalama işaretlerini yok say.","def top_k_words(text: str, k: int","[{""input"": {""text"": ""bir iki bir üç iki bir"", ""k"": 2}, ""expected"": [""bir"", ""iki""]}, {""input"": {""text"": ""the cat sat on the mat the"", ""k"": 1}, ""expected"": [""the""]}]","[""💡 İpucu 1: .lower() ve .split() ile kelimeleri ayır."", ""💡 İpucu 2: collections.Counter(words) ile frekans sözlüğü oluştur."", ""💡 İpucu 3: counter.most_common(k) ile en sık k kelimeyi al.""]","19"
"python-basics","String Sıkıştırma","beginner","Bir string'i sıkıştır: art arda tekrar eden karakterleri tek karaktere indir.
'aabbcc' → 'abc', 'aabba' → 'aba'","def compress(s: str","[{""input"": ""aabbcc"", ""expected"": ""abc""}, {""input"": ""aabba"", ""expected"": ""aba""}, {""input"": ""abcdef"", ""expected"": ""abcdef""}]","[""💡 İpucu 1: Boş string durumunu kontrol et."", ""💡 İpucu 2: result = s[0] ile başla, sonraki karakter öncekinden farklıysa ekle."", ""💡 İpucu 3: itertools.groupby(s) ile de çözebilirsin.""]","20"
"python-basics","Roman Numerals","intermediate","1-3999 arasındaki bir tam sayıyı Roma rakamlarına çevir.","def to_roman(num: int","[{""input"": 3, ""expected"": ""III""}, {""input"": 58, ""expected"": ""LVIII""}, {""input"": 1994, ""expected"": ""MCMXCIV""}]","[""💡 İpucu 1: values ve symbols listesi zaten verilmiş, sırayla karşılaştır."", ""💡 İpucu 2: num >= value iken: result += symbol, num -= value"", ""💡 İpucu 3: CM=900, CD=400 gibi özel durumlar listeye dahil edilmiş, endişelenme.""]","21"
"python-basics","Pangram Kontrolü","beginner","Bir cümle pangram mı? (İngiliz alfabesinin tüm harflerini içeriyor mu?","def is_pangram(sentence: str","[{""input"": ""The quick brown fox jumps over the lazy dog"", ""expected"": true}, {""input"": ""Hello World"", ""expected"": false}]","[""💡 İpucu 1: sentence.lower() ile küçük harfe çevir."", ""💡 İpucu 2: set() ile unique harfleri bul."", ""💡 İpucu 3: set('abcdefghijklmnopqrstuvwxyz').issubset(set(sentence.lower()))""]","22"
"python-basics","DNA Tamamlayıcısı","beginner","Bir DNA zincirinin tamamlayıcısını bul.
A↔T, C↔G  kuralını uygula ve sonucu tersine çevir.","def dna_complement(strand: str","[{""input"": ""ATCG"", ""expected"": ""CGAT""}, {""input"": ""TTAA"", ""expected"": ""TTAA""}]","[""💡 İpucu 1: Bir eşleşme dict'i oluştur: {'A':'T','T':'A','C':'G','G':'C'}"", ""💡 İpucu 2: Her karakteri eşleşme dict'inden bul: comp[c]"", ""💡 İpucu 3: Tamamlayıcıyı oluşturduktan sonra [::-1] ile tersine çevir.""]","25"
"data-structures","İki Listeyi Birleştir","beginner","İki sıralı listeyi birleştirerek yeni bir sıralı liste oluştur.
sort(","def merge_sorted(a: list, b: list","[{""input"": {""a"": [1, 3, 5], ""b"": [2, 4, 6]}, ""expected"": [1, 2, 3, 4, 5, 6]}, {""input"": {""a"": [1, 2], ""b"": [3, 4, 5, 6]}, ""expected"": [1, 2, 3, 4, 5, 6]}, {""input"": {""a"": [], ""b"": [1, 2, 3]}, ""expected"": [1, 2, 3]}]","[]","26"
"list-dict","Sözlük Birleştirme","beginner","İki sözlüğü birleştir. Aynı anahtarlar varsa değerlerini topla.","def merge_dicts(d1: dict, d2: dict","[{""input"": {""d1"": {""a"": 1, ""b"": 2}, ""d2"": {""b"": 3, ""c"": 4}}, ""expected"": {""a"": 1, ""b"": 5, ""c"": 4}}, {""input"": {""d1"": {}, ""d2"": {""x"": 10}}, ""expected"": {""x"": 10}}]","[""💡 İpucu 1: d1.copy() ile başla, d2'nin öğelerini üzerine ekle."", ""💡 İpucu 2: result.get(key, 0) + value ile birleştirme yap."", ""💡 İpucu 3: collections.Counter da bu iş için kullanılabilir.""]","27"
"list-dict","Gruplama","beginner","Bir sayı listesini 'tek' ve 'çift' olarak grupla.
Sonuç: {'tek': [...], 'çift': [...]}","def group_by_parity(items: list","[{""input"": [1, 2, 3, 4, 5, 6], ""expected"": {""tek"": [1, 3, 5], ""çift"": [2, 4, 6]}}, {""input"": [10, 15, 20, 25], ""expected"": {""tek"": [15, 25], ""çift"": [10, 20]}}]","[""💡 İpucu 1: Boş bir dict oluştur: result = {'tek': [], 'çift': []}"", ""💡 İpucu 2: Her öğe için: if n % 2 == 0 → 'çift', else → 'tek'"", ""💡 İpucu 3: result['tek'].append(n) veya result['çift'].append(n)""]","28"
"list-dict","Fark Listesi","beginner","İki liste arasındaki farkları bul: yalnızca A'da, yalnızca B'de ve ikisinde birden olan elemanlar.","def list_diff(a: list, b: list","[{""input"": {""a"": [1, 2, 3, 4], ""b"": [3, 4, 5, 6]}, ""expected"": {""only_a"": [1, 2], ""only_b"": [5, 6], ""common"": [3, 4]}}]","[""💡 İpucu 1: set() dönüşümü yap: sa=set(a), sb=set(b)"", ""💡 İpucu 2: only_a = sorted(sa - sb), only_b = sorted(sb - sa)"", ""💡 İpucu 3: common = sorted(sa & sb)  (kesişim)""]","29"
"data-structures","Matris Çarpımı","intermediate","","def matrix_multiply(a: list, b: list","[{""input"": {""a"": [[1, 2], [3, 4]], ""b"": [[5, 6], [7, 8]]}, ""expected"": [[19, 22], [43, 50]]}]","[""💡 İpucu 1: Boyutlar: a = m×n, b = n×p → sonuç m×p"", ""💡 İpucu 2: Üç iç içe döngü: i (satır a), j (sütun b), k (ortak boyut)"", ""💡 İpucu 3: C[i][j] += A[i][k] * B[k][j]""]","30"
"list-dict","Stok Takibi","beginner","Bir mağazanın stok hareketlerini takip et.
Her hareket '+ürün:miktar' veya '-ürün:miktar' şeklinde.","def track_inventory(movements: list","[{""input"": [""+elma:10"", ""-elma:3"", ""+armut:5""], ""expected"": {""elma"": 7, ""armut"": 5}}, {""input"": [""+kalem:100"", ""+kalem:50"", ""-kalem:30""], ""expected"": {""kalem"": 120}}]","[""💡 İpucu 1: Her harekette sign = m[0], geri kalanını ':' ile böl."", ""💡 İpucu 2: item, qty = m[1:].split(':'); qty = int(qty)"", ""💡 İpucu 3: sign=='+' ise ekle, '-' ise çıkar.""]","31"
"list-dict","Hareketli Ortalama","beginner","k elemanlı hareketli ortalama hesapla.
Yeterli eleman olmayan başlangıç pencerelerini atla.","def moving_average(nums: list, k: int","[{""input"": {""nums"": [1, 2, 3, 4, 5], ""k"": 3}, ""expected"": [2.0, 3.0, 4.0]}, {""input"": {""nums"": [10, 20, 30, 40], ""k"": 2}, ""expected"": [15.0, 25.0, 35.0]}]","[""💡 İpucu 1: range(k-1, len(nums)) ile kayan pencere için döngü kur."", ""💡 İpucu 2: Her adımda dilim: nums[i-k+1:i+1]"", ""💡 İpucu 3: sum(window)/k ile ortalmayı hesapla ve result'a ekle.""]","32"
"data-structures","En Uzun Artan Alt Dizi","intermediate","Bir dizideki en uzun sürekli artan alt dizinin uzunluğunu bul.","def longest_increasing_subsequence(nums: list","[{""input"": [1, 3, 5, 4, 7], ""expected"": 3}, {""input"": [2, 2, 2, 2, 2], ""expected"": 1}, {""input"": [1, 2, 3, 4, 5], ""expected"": 5}]","[""💡 İpucu 1: current ve max_len sayaçları tut."", ""💡 İpucu 2: nums[i] > nums[i-1] ise current += 1, değilse current = 1"", ""💡 İpucu 3: Her adımda max_len = max(max_len, current) güncelle.""]","33"
"data-structures","Fiyat Analizi","beginner","Ürün fiyatlarının bulunduğu bir sözlükten
min, max ve ortalama fiyatı döndür.","def price_analysis(prices: dict","[{""input"": {""elma"": 5, ""armut"": 8, ""muz"": 3}, ""expected"": {""min"": 3, ""max"": 8, ""avg"": 5.33}}]","[""💡 İpucu 1: values = list(prices.values()) ile değerleri al."", ""💡 İpucu 2: min(), max() ve sum()/len() ile istatistikleri hesapla."", ""💡 İpucu 3: round(avg, 2) ile yuvarla.""]","34"
"data-structures","Kümülatif Toplam","beginner","Bir listenin kümülatif (birikimli","def cumulative_sum(nums: list","[{""input"": [1, 2, 3, 4], ""expected"": [1, 3, 6, 10]}, {""input"": [5, 5, 5, 5, 5], ""expected"": [5, 10, 15, 20, 25]}]","[""💡 İpucu 1: Döngü başında running_total = 0 tut."", ""💡 İpucu 2: Her elemanda running_total += n, ardından result'a ekle."", ""💡 İpucu 3: itertools.accumulate(nums) de aynı sonucu verir.""]","35"
"pandas","Favori Renk Anketi","beginner","Bir anket sonucu sözlüğü veriliyor. En popüler rengi bul.
(pandas kullanmadan, saf Python ile yap","def favorite_color(poll_data: dict","[{""input"": {""A"": ""Mavi"", ""B"": ""Kırmızı"", ""C"": ""Mavi"", ""D"": ""Yeşil"", ""E"": ""Mavi""}, ""expected"": ""Mavi""}, {""input"": {""X"": ""Siyah"", ""Y"": ""Siyah""}, ""expected"": ""Siyah""}]","[""💡 İpucu 1: Boş bir dict oluştur: counts = {}"", ""💡 İpucu 2: Her değer için counts[color] = counts.get(color, 0) + 1"", ""💡 İpucu 3: max(counts, key=counts.get) ile en yüksek frekanslıyı bul.""]","36"
"pandas","Eksik Değer Doldurma","beginner","Bir sayı listesindeki None değerleri, listenin ortalamasıyla doldur.
(pandas kullanmadan, saf Python ile","def fill_missing(numbers: list","[{""input"": [1, null, 3, null, 5], ""expected"": [1, 3.0, 3, 3.0, 5]}, {""input"": [10, null, 20], ""expected"": [10, 15.0, 20]}]","[""💡 İpucu 1: Önce sadece sayısal değerlerin ortalamasını hesapla."", ""💡 İpucu 2: nums = [x for x in numbers if x is not None]"", ""💡 İpucu 3: Ortalama = sum(nums) / len(nums); sonra None'ları bu değerle değiştir.""]","37"
"pandas","Satış Raporu","beginner","Satış verisini ürün bazında grupla, toplam satışı hesapla ve en çok satan ürünü döndür.","def top_selling_product(sales_data: list","[{""input"": [{""product"": ""A"", ""amount"": 100}, {""product"": ""B"", ""amount"": 200}, {""product"": ""A"", ""amount"": 150}], ""expected"": ""A""}]","[""💡 İpucu 1: Bir dict ile ürün → toplam satış tut: totals = {}"", ""💡 İpucu 2: Her kayıt için totals[product] = totals.get(product, 0) + amount"", ""💡 İpucu 3: max(totals, key=totals.get) ile en yüksek satışlı ürünü bul.""]","38"
"pandas","Günlük Ortalama","intermediate","Günlük veri sözlüğünden haftalık ortalama hesapla.
Her hafta 7 günlük gruplara böl ve ortalamasını al.","def weekly_average(daily_data: dict","[{""input"": {""d1"": 10, ""d2"": 20, ""d3"": 30, ""d4"": 40, ""d5"": 50, ""d6"": 60, ""d7"": 70, ""d8"": 80}, ""expected"": [40.0, 80.0]}]","[""💡 İpucu 1: Değerleri listeye al: values = list(daily_data.values())"", ""💡 İpucu 2: 7'şerlik gruplara böl: [values[i:i+7] for i in range(0, len(values), 7)]"", ""💡 İpucu 3: Her grubun ortalamasını al: sum(group)/len(group)""]","39"
"pandas","Korelasyon Analizi","intermediate","İki sayı listesi arasındaki Pearson korelasyonunu hesapla ve yorumla.
0.7+ güçlü, 0.4-0.7 orta, <0.4 zayıf.","def correlation_analysis(x: list, y: list","[{""input"": {""x"": [1, 2, 3, 4, 5], ""y"": [2, 4, 6, 8, 10]}, ""expected"": {""correlation"": 1.0, ""strength"": ""güçlü""}}, {""input"": {""x"": [1, 2, 3, 4, 5], ""y"": [5, 4, 3, 2, 1]}, ""expected"": {""correlation"": -1.0, ""strength"": ""güçlü""}}]","[""💡 İpucu 1: Pearson formülü: r = Σ((xi-x̄)(yi-ȳ)) / √(Σ(xi-x̄)² · Σ(yi-ȳ)²)"", ""💡 İpucu 2: Önce x_bar = sum(x)/len(x), y_bar = sum(y)/len(y) hesapla."", ""💡 İpucu 3: abs(r) >= 0.7 → 'güçlü', >= 0.4 → 'orta', else → 'zayıf'""]","40"
"pandas","Tekrar Eden Satırlar","beginner","Bir listedeki tekrar eden öğeleri kaldır ve kaç tane kaldırıldığını döndür.
Sonuç: (temizlenmiş_liste, kaldırılan_sayısı","def remove_duplicates(items: list","[{""input"": [1, 2, 2, 3, 3, 3, 4], ""expected"": [[1, 2, 3, 4], 3]}, {""input"": [""a"", ""b"", ""a"", ""c""], ""expected"": [[""a"", ""b"", ""c""], 1]}]","[""💡 İpucu 1: seen = set() ile görülen öğeleri takip et."", ""💡 İpucu 2: Her öğe için: if item not in seen → ekle, else → sayacı artır."", ""💡 İpucu 3: Sonuç: [clean_list, removed_count]""]","41"
"pandas","Yaş Grubu Segmentasyonu","beginner","Yaş listesini gruplara ayır: 0-17 'Genç', 18-64 'Yetişkin', 65+ 'Yaşlı'.","def age_segment(ages: list","[{""input"": [15, 25, 70, 5, 45], ""expected"": [""Genç"", ""Yetişkin"", ""Yaşlı"", ""Genç"", ""Yetişkin""]}]","[""💡 İpucu 1: Her yaş için koşullu kontrol yap."", ""💡 İpucu 2: if age <= 17: 'Genç', elif age <= 64: 'Yetişkin', else: 'Yaşlı'"", ""💡 İpucu 3: List comprehension kullan: [segment(a) for a in ages]""]","42"
"pandas","Grup Toplamı","intermediate","Satış verisinden bölge bazında toplam satışı hesapla.
Sonuç: {bölge: toplam_satış} sözlüğü","def region_totals(sales: list","[{""input"": [{""region"": ""A"", ""sales"": 100}, {""region"": ""B"", ""sales"": 50}, {""region"": ""A"", ""sales"": 150}, {""region"": ""B"", ""sales"": 100}], ""expected"": {""A"": 250, ""B"": 150}}]","[""💡 İpucu 1: Boş bir dict: totals = {}"", ""💡 İpucu 2: Her kayıt için totals[region] = totals.get(region, 0) + sales"", ""💡 İpucu 3: totals dict'ini döndür.""]","43"
"pandas","Aykırı Değer Tespiti","intermediate","IQR yöntemiyle aykırı değerleri tespit et.
Q1-1.5*IQR altındakiler veya Q3+1.5*IQR üstündekiler aykırıdır.
Sonuç: aykırı değerlerin indeks listesi.","def detect_outliers(data: list","[{""input"": [1, 2, 2, 3, 3, 3, 100], ""expected"": [6]}, {""input"": [10, 11, 12, 13, 14, 15], ""expected"": []}]","[""💡 İpucu 1: Sıralı listeden Q1 (25. yüzdelik) ve Q3 (75. yüzdelik) hesapla."", ""💡 İpucu 2: IQR = Q3 - Q1; alt sınır = Q1 - 1.5*IQR, üst sınır = Q3 + 1.5*IQR"", ""💡 İpucu 3: [i for i, x in enumerate(data) if x < lower or x > upper]""]","44"
"pandas","Rolling Ortalama","intermediate","k pencereli rolling (kayan","def rolling_average(data: list, k: int","[{""input"": {""data"": [1, 2, 3, 4, 5], ""k"": 3}, ""expected"": [null, null, 2.0, 3.0, 4.0]}, {""input"": {""data"": [10, 20, 30, 40], ""k"": 2}, ""expected"": [null, 15.0, 25.0, 35.0]}]","[]","45"
"algorithms","İkili Arama","beginner","Sıralı bir listede binary search ile hedef sayının indeksini döndür.
Bulunamazsa -1 döndür.","def binary_search(arr: list, target: int","[{""input"": {""arr"": [1, 3, 5, 7, 9, 11], ""target"": 7}, ""expected"": 3}, {""input"": {""arr"": [1, 3, 5, 7, 9, 11], ""target"": 6}, ""expected"": -1}, {""input"": {""arr"": [1], ""target"": 1}, ""expected"": 0}]","[""💡 İpucu 1: left=0, right=len(arr)-1 ile başla."", ""💡 İpucu 2: mid = (left+right)//2; arr[mid]>target ise right=mid-1, küçükse left=mid+1"", ""💡 İpucu 3: arr[mid]==target ise mid'i döndür. Döngü biterse -1.""]","46"
"algorithms","Bubble Sort","beginner","Bubble sort algoritmasıyla bir listeyi küçükten büyüğe sırala.
Orijinal listeyi değiştirme, kopyasını döndür.","def bubble_sort(arr: list","[{""input"": [64, 34, 25, 12, 22, 11, 90], ""expected"": [11, 12, 22, 25, 34, 64, 90]}, {""input"": [5, 1, 4, 2, 8], ""expected"": [1, 2, 4, 5, 8]}]","[""💡 İpucu 1: arr = arr[:] ile kopya al."", ""💡 İpucu 2: İki iç içe döngü: dış n kez, iç komşuları karşılaştırır."", ""💡 İpucu 3: arr[j] > arr[j+1] ise swap yap: arr[j], arr[j+1] = arr[j+1], arr[j]""]","47"
"algorithms","İki Maaş Bordrosunu Birleştir","intermediate","","def merge_salaries(engineering: list, marketing: list","[]","[""💡 İpucu 1: İki pointer kullan — biri engineering, biri marketing için. İlk elemanları karşılaştır."", ""💡 İpucu 2: Engineering azalan (büyük → küçük), marketing artan (küçük → büyük). Yani engineering[0] en büyük, marketing[0] en küçük."", ""💡 İpucu 3: Hangisinin maaşı daha büyükse onu sonuca ekle, o pointer’ı ilerlet. Biri bitince diğerini olduğu gibi ekle.""]","68"
"algorithms","Verilen miktarı en az sayıda bozuk para ile öde","beginner","Verilen miktarı en az sayıda bozuk para ile öde.
Kullanılabilir bozukluklar: [100,50,25,10,5,1] kuruş.","def make_change(amount: int","[{""input"": 187, ""expected"": {""100"": 1, ""50"": 1, ""25"": 1, ""10"": 1, ""5"": 0, ""1"": 2}}, {""input"": 75, ""expected"": {""100"": 0, ""50"": 1, ""25"": 1, ""10"": 0, ""5"": 0, ""1"": 0}}]","[""💡 İpucu 1: Her bozukluk için: count = amount // coin"", ""💡 İpucu 2: amount = amount % coin ile kalanı güncelle."", ""💡 İpucu 3: Sonuçları result[coin] = count olarak sakla.""]","48"
"algorithms","Kaplama Problemi","intermediate","n merdiven basamağı var. Her adımda 1 veya 2 basamak çıkabilirsin.
Kaç farklı yol var? (Dinamik programlama","def climb_stairs(n: int","[{""input"": 2, ""expected"": 2}, {""input"": 3, ""expected"": 3}, {""input"": 5, ""expected"": 8}]","[""💡 İpucu 1: Bu aslında Fibonacci dizisi! dp[1]=1, dp[2]=2"", ""💡 İpucu 2: dp[i] = dp[i-1] + dp[i-2] (bir önceki veya iki önceki basamaktan gelir)"", ""💡 İpucu 3: Hafıza optimizasyonu için yalnızca son iki değeri tut.""]","49"
"algorithms","Bir 2D grid'de (0=geçit, 1=duvar","intermediate","Bir 2D grid'de (0=geçit, 1=duvar","def shortest_path(grid: list","[{""input"": [[0, 0, 0], [1, 1, 0], [0, 0, 0]], ""expected"": 4}, {""input"": [[0, 1], [1, 0]], ""expected"": -1}]","[""💡 İpucu 1: BFS için queue kullan: [(0,0,0)]  # (satır, sütun, adım)"", ""💡 İpucu 2: Ziyaret edilenleri takip et: visited = set(); visited.add((0,0))"", ""💡 İpucu 3: 4 yön: [(-1,0),(1,0),(0,-1),(0,1)]; sınır ve duvar kontrolü yap.""]","50"
"algorithms","En Yakın Rakam Toplamı","intermediate","Bir sayı dizisinde, toplamı hedef sayıya en yakın olan iki elemanı bul.
Birden fazla çözüm varsa, herhangi birini döndürmek yeterli.
Sonuç: [eleman1, eleman2] şeklinde liste döndür.
Örnek: [1, 2, 3, 4, 5]","def find_closest_pair(numbers: list, target: int","[{""input"": {""numbers"": [1, 2, 3, 4, 5], ""target"": 8}, ""expected"": [3, 5]}, {""input"": {""numbers"": [1, 2, 3, 4], ""target"": 10}, ""expected"": [4, 4]}, {""input"": {""numbers"": [3, 3, 3], ""target"": 6}, ""expected"": [3, 3]}, {""input"": {""numbers"": [-1, -2, -3, -4], ""target"": -5}, ""expected"": [-1, -4]}, {""input"": {""numbers"": [1, 5, 9, 13], ""target"": 11}, ""expected"": [-1, -1]}]","[""💡 İpucu 1: Önce listeyi sırala (sıralanmış liste ile çalışmak daha kolay)."", ""💡 İpucu 2: İki işaretçi tekniği kullan — biri başta, biri sonda."", ""💡 İpucu 3: current_sum = arr[left] + arr[right]; hedefe göre işaretçileri hareket ettir.""]","70"
"algorithms","Tekrarlanan Karakter Zinciri","intermediate","Bir string'de art arda tekrar eden karakterlerden oluşan
en uzun zinciri bul.
Sonuç: (karakter, zincir uzunluğu","def longest_char_chain(s: str","[{""input"": ""aabbbcccddaaa"", ""expected"": [""b"", 3]}, {""input"": ""abcdef"", ""expected"": [""a"", 1]}, {""input"": ""aaaaa"", ""expected"": [""a"", 5]}, {""input"": ""abbaa"", ""expected"": [""a"", 2]}, {""input"": """", ""expected"": ["""", 0]}, {""input"": ""abccdeeeffg"", ""expected"": [""e"", 3]}]","[""💡 İpucu 1: İki değişken tut: mevcut karakter ve mevcut sayı."", ""💡 İpucu 2: Her yeni karakter için: aynıysa sayıyı artır, farklıysa sıfırla."", ""💡 İpucu 3: En uzun zinciri ve karakterini takip et.""]","71"
"algorithms","Alt Dizi Toplam Kontrolü","intermediate","Bir sayı listesi ve bir hedef sayı veriliyor.
Listedeki herhangi bir alt dizinin (continuous subsequence","def has_subarray_with_sum(nums: list, target: int","[{""input"": {""nums"": [1, 4, 20, 3, 10, 5], ""target"": 33}, ""expected"": true}, {""input"": {""nums"": [1, 2, 3, 4], ""target"": 15}, ""expected"": false}, {""input"": {""nums"": [1, 2, 3], ""target"": 6}, ""expected"": true}, {""input"": {""nums"": [0, 0], ""target"": 0}, ""expected"": true}, {""input"": {""nums"": [-2, -1, 0, 1, 2], ""target"": 0}, ""expected"": true}]","[""💡 İpucu 1: Sliding window tekniği düşün — başlangıç ve bitiş işaretçileri."", ""💡 İpucu 2: Mevcut toplam hedefi aştıysa, başlangıcı kaydır."", ""💡 İpucu 3: Negatif sayılar varsa sliding window çalışmaz — prefix sum + hashmap dene.""]","72"
"algorithms","Benzersiz Alt Dizgi Sayısı","intermediate","Bir string'deki tüm benzersiz alt dizgilerin (substring","def count_unique_substrings(s: str","[{""input"": ""abc"", ""expected"": 6}, {""input"": ""aaa"", ""expected"": 2}, {""input"": """", ""expected"": 0}, {""input"": ""abcd"", ""expected"": 10}, {""input"": ""aab"", ""expected"": 4}]","[""💡 İpucu 1: Her karakterden başlayarak tüm alt dizgileri oluştur."", ""💡 İpucu 2: Bir set() kullanarak benzersiz olanları sakla."", ""💡 İpucu 3: İç içe döngü yerine, her i için j=i+1,...,len(s) alt dizgisini sete ekle.""]","73"
"python-basics","Cift Sayilari Filtrele ve Karelerini Topla","beginner","Bir sayi listesi var. Listedeki SADECE cift sayilarin karelerini al ve topla.
Tek sayilar yok sayilir (sadece ciftler","def sum_of_even_squares(nums: list","[{""input"": [2, 3, 4, 5, 6], ""expected"": 56}, {""input"": [1, 3, 5, 7], ""expected"": 0}, {""input"": [10], ""expected"": 100}, {""input"": [], ""expected"": 0}]","[""💡 Ipucu 1: x % 2 == 0 ile cift sayilari filtrele."", ""💡 Ipucu 2: sum() icinde generator expression kullan."", ""💡 Ipucu 3: sum(x*x for x in nums if x % 2 == 0) tek satirda coz.""]","84"
"python-basics","Iki String Arasindaki Ortak Karakterler","beginner","","def common_chars(a: str, b: str","[{""input"": [""Merhaba"", ""Araba""], ""expected"": [""a"", ""r""]}, {""input"": [""Python"", ""Java""], ""expected"": [""a""]}, {""input"": [""abc"", ""def""], ""expected"": []}, {""input"": [""AAA"", ""aaa""], ""expected"": [""a""]}]","[""💡 Ipucu 1: set(a.lower()) & set(b.lower()) -> kesisim."", ""💡 Ipucu 2: sorted() ile alfabetik siraya koy."", ""💡 Ipucu 3: list(sorted(set(a.lower()) & set(b.lower()))) tek satir.""]","85"
"python-basics","Listedeki En Sik Tekrar Eden Eleman","beginner","Bir liste var. En sik gecen elemani dondur.
Birden fazla esit siklik varsa en kucuk sayiyi veya alfabetik ilk olani dondur.
Ornek: [1, 3, 2, 3, 4, 1, 1] -> 1 (4 kez","def most_frequent(items: list","[{""input"": [1, 3, 2, 3, 4, 1, 1], ""expected"": 1}, {""input"": [""a"", ""b"", ""a"", ""c""], ""expected"": ""a""}, {""input"": [5, 5, 3, 3, 1], ""expected"": 3}, {""input"": [1], ""expected"": 1}]","[""💡 Ipucu 1: from collections import Counter -> Counter(items).most_common()."", ""💡 Ipucu 2: max_count = max(c.values()) -> en yuksek frekans."", ""💡 Ipucu 3: candidates = [k for k,v in c.items() if v == max_count]; min(candidates) ile coz.""]","86"
"python-basics","Donen Dizi Kontrolu","beginner","Bir liste veriliyor. Liste dondurulmus (rotated","def is_rotated_sorted(nums: list","[{""input"": [3, 4, 5, 1, 2], ""expected"": true}, {""input"": [1, 2, 3, 4, 5], ""expected"": true}, {""input"": [2, 1, 3], ""expected"": false}, {""input"": [1], ""expected"": true}, {""input"": [], ""expected"": true}, {""input"": [2, 2, 2, 2, 1, 2], ""expected"": false}]","[]","87"
"algorithms","Sayilari Toplami Hedefe Esit Olan Ciftler","intermediate","Bir liste ve bir hedef sayi var. Listedeki hangi iki sayinin toplami hedefe esit?
Tum benzersiz ciftleri (kucuk, buyuk","def two_sum_pairs(nums: list, target: int","[{""input"": [[2, 7, 11, 15], 9], ""expected"": [[2, 7]]}, {""input"": [[1, 5, 3, 7, 9], 12], ""expected"": [[3, 9], [5, 7]]}, {""input"": [[1, 2, 3], 10], ""expected"": []}, {""input"": [[3, 3], 6], ""expected"": [[3, 3]]}, {""input"": [[-1, -2, -3, 4, 5], 2], ""expected"": [[-3, 5], [-1, 3]]}]","[]","88"
"algorithms","Rotasyon Adimini Bul","intermediate","Bir liste veriliyor. Bu liste sirali bir dizinin rotasyonu.
Rotasyon adimini bul (kac kez sola donduruldu","def rotation_count(nums: list","[{""input"": [3, 4, 5, 1, 2], ""expected"": 3}, {""input"": [1, 2, 3, 4, 5], ""expected"": 0}, {""input"": [5, 1, 2, 3, 4], ""expected"": 1}, {""input"": [2, 3, 4, 5, 1], ""expected"": 4}, {""input"": [1], ""expected"": 0}]","[""💡 Ipucu 1: Minimum elemanin indexini bul."", ""💡 Ipucu 2: min_idx = nums.index(min(nums))."", ""💡 Ipucu 3: return min_idx (0 = zaten sirali, min_idx = kac adim sola).""]","89"
"python-basics","Bir cumle var","intermediate","Bir cumle var. Kelime sirasini tersine cevir, kelime icindeki harfler ayni kalsin.
Ornek: 'Merhaba dunya nasilsin' -> 'nasilsin dunya Merhaba'
Fazla bosluklari tek bosluga indir.","def reverse_words(s: str","[{""input"": ""Merhaba dunya nasilsin"", ""expected"": ""nasilsin dunya Merhaba""}, {""input"": ""Python   harika  bir dil"", ""expected"": ""dil bir harika Python""}, {""input"": ""tek"", ""expected"": ""tek""}, {""input"": """", ""expected"": """"}, {""input"": ""  bosluklu   cumle  "", ""expected"": ""cumle bosluklu""}]","[]","90"
"python-basics","Bir liste var","beginner","Bir liste var. Listedeki tekrarlari kaldir, ilk gorunme sirasini koru.
Ornek: [1, 3, 2, 3, 4, 1, 5] -> [1, 3, 2, 4, 5] (3 ve 1 tekrari atlanir","def remove_duplicates(items: list","[{""input"": [1, 3, 2, 3, 4, 1, 5], ""expected"": [1, 3, 2, 4, 5]}, {""input"": [""a"", ""b"", ""a"", ""c"", ""b""], ""expected"": [""a"", ""b"", ""c""]}, {""input"": [1, 2, 3], ""expected"": [1, 2, 3]}, {""input"": [], ""expected"": []}, {""input"": [1, 1, 1], ""expected"": [1]}]","[""💡 Ipucu 1: seen = set() ile takip et."", ""💡 Ipucu 2: if x not in seen: result.append(x); seen.add(x)."", ""💡 Ipucu 3: dict.fromkeys(items) ile tek satirda coz (Python 3.7+ dict sira korur).""]","91"
"python-basics","Bir 2D matris var","beginner","Bir 2D matris var. Satirlari sutun, sutunlari satir yap.
Ornek: [[1,2,3], [4,5,6]] -> [[1,4], [2,5], [3,6]]
Dikdortgen matrisler icin calissin (tum satirlar ayni uzunlukta","def transpose(matrix: list","[{""input"": [[1, 2, 3], [4, 5, 6]], ""expected"": [[1, 4], [2, 5], [3, 6]]}, {""input"": [[1, 2], [3, 4], [5, 6]], ""expected"": [[1, 3, 5], [2, 4, 6]]}, {""input"": [[1]], ""expected"": [[1]]}, {""input"": [[1, 2, 3]], ""expected"": [[1], [2], [3]]}]","[]","92"
"python-basics","Ilk Tekrar Etmeyen Karakter","intermediate","Bir string veriliyor. Ilk kez tekrarlanMAYAN (unique","def first_unique_char(s: str","[{""input"": ""swiss"", ""expected"": ""w""}, {""input"": ""aabbcc"", ""expected"": """"}, {""input"": ""programming"", ""expected"": ""p""}, {""input"": ""aabb"", ""expected"": """"}, {""input"": ""z"", ""expected"": ""z""}]","[""💡 Ipucu 1: from collections import Counter -> c = Counter(s)."", ""💡 Ipucu 2: for ch in s: if c[ch] == 1: return ch."", ""💡 Ipucu 3: Bos string icin '' dondur (return ch if any(c[ch]==1 for ch in s) else '').""]","93"
"algorithms","Sirali Dizide Ilk ve Son Occurrence","intermediate","Sirali bir dizide target degerin ILK ve SON indeksini bul.
Yoksa [-1, -1] dondur.
find_first = lower bound","def search_range(nums: list, target: int","[{""input"": [[5, 7, 7, 8, 8, 10], 8], ""expected"": [3, 4]}, {""input"": [[5, 7, 7, 8, 8, 10], 6], ""expected"": [-1, -1]}, {""input"": [[], 0], ""expected"": [-1, -1]}, {""input"": [[1], 1], ""expected"": [0, 0]}, {""input"": [[1, 2, 3, 4, 5], 3], ""expected"": [2, 2]}]","[""💡 Ipucu 1: Iki binary search: biri lower bound, biri upper bound."", ""💡 Ipucu 2: nums[mid] < target -> sol = mid + 1; degilse sag = mid."", ""💡 Ipucu 3: Ilk occurrence icin >= target, son occurrence icin > target kullan.""]","94"
"algorithms","Dondurulmus Sirali Dizide Arama","intermediate","Dondurulmus (rotated","def search_rotated(nums: list, target: int","[{""input"": [[4, 5, 6, 7, 0, 1, 2], 0], ""expected"": 4}, {""input"": [[4, 5, 6, 7, 0, 1, 2], 3], ""expected"": -1}, {""input"": [[1], 0], ""expected"": -1}, {""input"": [[1, 3], 3], ""expected"": 1}, {""input"": [[5, 1, 3], 5], ""expected"": 0}]","[""💡 Ipucu 1: Her adimda bir yari SORTED (sol veya sag)."", ""💡 Ipucu 2: nums[low] <= nums[mid] ise sol yari sirali; kontrol et target sol aralikta mi."", ""💡 Ipucu 3: Aksi halde sag yari sirali; kontrol et target sag aralikta mi.""]","95"
"algorithms","Bir dizide peak element: nums[i-1] < nums[i] > ...","intermediate","Bir dizide peak element: nums[i-1] < nums[i] > nums[i+1].
Sadece komusuna bakarak (O(log n","def find_peak(nums: list","[{""input"": [1, 2, 3, 1], ""expected"": 2}, {""input"": [1, 2, 1, 3, 5, 6, 4], ""expected"": 5}, {""input"": [1], ""expected"": 0}, {""input"": [1, 2], ""expected"": 1}, {""input"": [2, 1], ""expected"": 0}]","[""💡 Ipucu 1: nums[mid] < nums[mid+1] ise peak sag tarafta."", ""💡 Ipucu 2: nums[mid] > nums[mid+1] ise peak sol tarafta (veya mid kendisi)."", ""💡 Ipucu 3: low < high dongusu kullan, return low.""]","96"
"algorithms","Iki Isaretci ile Palindrom Kontrolu","intermediate","Bir string'in palindrom olup olmadigini iki isaretci ile kontrol et.
Alfabetik olmayan karakterleri (bosluk, noktalama, buyuk/kucuk harf","def is_palindrome_two_pointer(s: str","[{""input"": ""A man, a plan, a canal: Panama"", ""expected"": true}, {""input"": ""race a car"", ""expected"": false}, {""input"": "" "", ""expected"": true}, {""input"": ""No lemon, no melon"", ""expected"": true}, {""input"": ""12321"", ""expected"": true}]","[""💡 Ipucu 1: left=0, right=len(s)-1 ile basla, iki uca isaretci koy."", ""💡 Ipucu 2: Alfanumerik degilse skip et (s[left].isalnum())."", ""💡 Ipucu 3: s[left].lower() != s[right].lower() ise False dondur.""]","97"
"python-basics","Sag ve Sol En Uzun Karaktersiz Alt Dizi","intermediate","Bir string var. En uzun benzersiz (tekrarsiz","def length_of_longest_substring(s: str","[{""input"": ""abcabcbb"", ""expected"": 3}, {""input"": ""bbbbb"", ""expected"": 1}, {""input"": ""pwwkew"", ""expected"": 3}, {""input"": """", ""expected"": 0}, {""input"": ""abcdef"", ""expected"": 6}]","[""💡 Ipucu 1: Sliding window: left ve right isaretcileri, bir set ile tutulan karakterleri izle."", ""💡 Ipucu 2: s[right] sette varsa, left'ten baslayarak setten cikar, left++."", ""💡 Ipucu 3: Her adimda max(max_len, right - left + 1) guncelle.""]","98"
"algorithms","Iki Isaretci Ile Ters Ciftleri Say","intermediate","Bir dizide, dizideki elemanlarin toplami daha buyuk olan (ters","def count_inversions(nums: list","[{""input"": [2, 4, 1, 3, 5], ""expected"": 3}, {""input"": [5, 4, 3, 2, 1], ""expected"": 10}, {""input"": [1, 2, 3, 4, 5], ""expected"": 0}, {""input"": [1], ""expected"": 0}, {""input"": [], ""expected"": 0}]","[""💡 Ipucu 1: Merge sort yaklasimi - bol ve fethet."", ""💡 Ipucu 2: Sayaci merge sirasinda artir: sol[i] > sag[j] ise count += len(sol) - i."", ""💡 Ipucu 3: Daha basit O(n^2): her cifti kontrol et (ama yavas).""]","99"
"algorithms","Bir dizide en sik gecen K elemani bul","intermediate","Bir dizide en sik gecen K elemani bul.
Siralama onemli degil.
Ornek: nums=[1,1,1,2,2,3]","def top_k_frequent(nums: list, k: int","[{""input"": [[1, 1, 1, 2, 2, 3], 2], ""expected"": [1, 2]}, {""input"": [[1], 1], ""expected"": [1]}, {""input"": [[1, 2, 3, 4, 5], 5], ""expected"": [1, 2, 3, 4, 5]}, {""input"": [[4, 4, 4, 5, 5, 6], 1], ""expected"": [4]}]","[""💡 Ipucu 1: Counter ile frekanslari say."", ""💡 Ipucu 2: most_common(k) -> tek satirda coz (heap altyapili)."", ""💡 Ipucu 3: Manuel heap: heappush/pop ile O(n log k).""]","100"
"algorithms","Iki dizinin kesisimini (ortak elemanlar","beginner","Iki dizinin kesisimini (ortak elemanlar","def intersection(nums1: list, nums2: list","[]","[""💡 Ipucu 1: set(nums1) & set(nums2) -> Pythonic cozum."", ""💡 Ipucu 2: Kucuk diziyi sete cevir, buyuk diziyi iterate et."", ""💡 Ipucu 3: Tekrarlari onle: result.append(x); seen.add(x) ile takip et.""]","101"
"algorithms","En Uzun Consecutive Sequence","intermediate","Bir dizideki en uzun ard arda gelen sayi dizisinin uzunlugunu bul.
O(n","def longest_consecutive(nums: list","[{""input"": [100, 4, 200, 1, 3, 2], ""expected"": 4}, {""input"": [0, 3, 7, 2, 5, 8, 4, 6, 0, 1], ""expected"": 9}, {""input"": [], ""expected"": 0}, {""input"": [1, 2, 3, 4], ""expected"": 4}, {""input"": [10], ""expected"": 1}]","[""💡 Ipucu 1: Tum sayilari sete koy: num_set = set(nums)."", ""💡 Ipucu 2: Sadece dizi baslangici olan sayilari kontrol et: x-1 not in num_set."", ""💡 Ipucu 3: Oradan baslayarak while x+1 in set: x+=1. count tut.""]","102"
"algorithms","Iki string'in anagram olup olmadigini kontrol e...","beginner","Iki string'in anagram olup olmadigini kontrol et (harfler ayni, siralama farkli","def is_anagram(s: str, t: str","[{""input"": [""anagram"", ""nagaram""], ""expected"": true}, {""input"": [""listen"", ""silent""], ""expected"": true}, {""input"": [""hello"", ""world""], ""expected"": false}, {""input"": [""a"", ""b""], ""expected"": false}, {""input"": ["""", """"], ""expected"": true}]","[""💡 Ipucu 1: Counter ile frekans say: Counter(s) == Counter(t)."", ""💡 Ipucu 2: Manuel: 26 harflik dizi, s'de +1, t'de -1; hepsi 0 mi?"", ""💡 Ipucu 3: sorted(s) == sorted(t) ile kisa cozum (yavas ama basit).""]","103"
"data-structures","Tekrarlayan Elemanları Bul","beginner","Bir koleksiyonda birden fazla geçen elemanları bulun.
Koleksiyon tipini sen seç: hangi yapı en verimli?","def find_duplicates(items","[{""input"": [1, 2, 3, 4, 2, 3, 5], ""expected"": [2, 3]}, {""input"": [""a"", ""b"", ""a"", ""c"", ""b""], ""expected"": [""a"", ""b""]}, {""input"": [1, 2, 3], ""expected"": []}]","[""💡 İpucu 1: Birden fazla geçen elemanları saymak için 'frekans' sayacı lazım."", ""💡 İpucu 2: Counter veya dict.items() kullanabilirsin — hangisi daha okunur?"", ""💡 İpucu 3: count > 1 olanları filtreleyip liste yap.""]","110"
"data-structures","İki Listenin Kesişimi","beginner","İki koleksiyondaki ortak elemanları bul.
Performans senin kararın: O(n²","def intersection(a, b","[{""input"": {""a"": [1, 2, 3, 4], ""b"": [3, 4, 5, 6]}, ""expected"": [3, 4]}, {""input"": {""a"": [""x"", ""y""], ""b"": [""y"", ""z""]}, ""expected"": [""y""]}, {""input"": {""a"": [1, 2], ""b"": [3, 4]}, ""expected"": []}]","[""💡 İpucu 1: İki döngü O(n*m). Daha hızlı yol: birini okumaya hazır yap."", ""💡 İpucu 2: Hangi veri yapısı arama (lookup) için O(1)?"", ""💡 İpucu 3: set yapısı O(1) arama yapar. set(a) & set(b).""]","111"
"data-structures","En Sık Geçen Eleman","beginner","Bir koleksiyonda en çok geçen elemanı bul.
Birden fazla aynı frekansta varsa ilkini döndür.","def most_frequent(items","[{""input"": [1, 2, 3, 2, 4, 2, 5], ""expected"": 2}, {""input"": [""a"", ""b"", ""a"", ""c""], ""expected"": ""a""}, {""input"": [1, 2], ""expected"": 1}]","[""💡 İpucu 1: Her elemanın frekansını tut."", ""💡 İpucu 2: collections.Counter kullanabilirsin veya dict."", ""💡 İpucu 3: counter.most_common(1) ile en sık olanı al.""]","112"
"data-structures","Stack ve Queue Simülasyonu","intermediate","FIFO (queue","def container(mode='queue'","[]","[""💡 İpucu 1: Closure kullan — dıştaki 'storage' korunur."", ""💡 İpucu 2: mode='queue' ise append/pop(0) veya collections.deque."", ""💡 İpucu 3: mode='stack' ise append/pop().""]","113"
"data-structures","Otomatik Gruplama","intermediate","Çiftlerden (key, value","def group_pairs(pairs","[{""input"": [[""A"", ""elma""], [""A"", ""armut""], [""B"", ""muz""]], ""expected"": {""A"": [""elma"", ""armut""], ""B"": [""muz""]}}, {""input"": [[""x"", 1]], ""expected"": {""x"": [1]}}]","[""💡 İpucu 1: Sıradan dict'te her key için önce kontrol gerekir (if x not in d)."", ""💡 İpucu 2: defaultdict(list) ile ilk erişimde boş liste oluşur."", ""💡 İpucu 3: 'd[key].append(value)' ile direkt ekle.""]","114"
"data-structures","İç içe 1 seviye listeyi düzleştir","beginner","İç içe 1 seviye listeyi düzleştir.
[[1,2], [3,4], [5]] → [1, 2, 3, 4, 5]
Hangi yol daha okunur?","def flatten(nested","[{""input"": [[1, 2], [3, 4], [5]], ""expected"": [1, 2, 3, 4, 5]}, {""input"": [[""a"", ""b""], [""c""]], ""expected"": [""a"", ""b"", ""c""]}]","[""💡 İpucu 1: List comprehension ile iç içe döngü."", ""💡 İpucu 2: functools.reduce + operator.add."", ""💡 İpucu 3: itertools.chain.from_iterable(nested).""]","115"
"data-structures","Lazy Üretici","intermediate","Bellek tasarrufu için generator (yield","def range_gen(n","[{""input"": 5, ""expected"": [0, 1, 2, 3, 4]}, {""input"": 0, ""expected"": []}]","[""💡 İpucu 1: 'def' içinde 'yield' yaz → otomatik generator olur."", ""💡 İpucu 2: list(range_gen(5)) → [0, 1, 2, 3, 4]"", ""💡 İpucu 3: range() de generator döndürür, aynı mantık.""]","116"
"data-structures","Sıralı Dizide Hızlı Arama","intermediate","Sıralı bir koleksiyonda belirli bir değeri hızlıca bul.
O(n","def in_sorted(sorted_items, value","[{""input"": {""sorted_items"": [1, 3, 5, 7, 9], ""value"": 5}, ""expected"": true}, {""input"": {""sorted_items"": [1, 3, 5, 7, 9], ""value"": 4}, ""expected"": false}, {""input"": {""sorted_items"": [], ""value"": 1}, ""expected"": false}]","[""💡 İpucu 1: Doğrusal arama O(n), binary search O(log n)."", ""💡 İpucu 2: İki işaretçi (sol, sağ), orta nokta bul."", ""💡 İpucu 3: bisect modülü hazır binary search sağlar.""]","117"
"data-structures","Top-K En Küçük Eleman","intermediate","Bir koleksiyondaki en küçük K elemanı döndür.
Listeyi tam sıralama (O(n log n","def top_k_smallest(items, k","[{""input"": {""items"": [5, 2, 8, 1, 9, 3], ""k"": 3}, ""expected"": [1, 2, 3]}, {""input"": {""items"": [10, 20, 5, 15], ""k"": 2}, ""expected"": [5, 10]}]","[""💡 İpucu 1: sorted(items)[:k] basit ama O(n log n)."", ""💡 İpucu 2: heapq modülü heap (min-heap) verir."", ""💡 İpucu 3: heapq.nsmallest(k, items) — O(n log k).""]","118"
"data-structures","Kelime Frekansı","beginner","Bir metindeki kelime frekanslarını dict olarak döndür.
Noktalama ve büyük/küçük harf duyarlı olmasın.","def word_frequency(text","[{""input"": ""Python çok güzel. Python mülakat için."", ""expected"": {""python"": 2, ""çok"": 1, ""güzel"": 1, ""mülakat"": 1, ""için"": 1}}]","[""💡 İpucu 1: .lower() ve regex ile kelimeleri ayır."", ""💡 İpucu 2: Counter kullan — en kısa yol."", ""💡 İpucu 3: dict.items() ile manual sayım da olur.""]","119"
"data-structures","Zip ile Ters Çevirme","beginner","Aynı uzunluktaki birden fazla listeyi tek bir liste oluştur.
Liste-içinde-liste yap.
[(1, 'a', 'x'","def cols_to_rows(*columns","[{""input"": [[1, 2, 3], [""a"", ""b"", ""c""]], ""expected"": [[1, ""a""], [2, ""b""], [3, ""c""]]}, {""input"": [[1, 2], [3, 4], [5, 6]], ""expected"": [[1, 3, 5], [2, 4, 6]]}]","[""💡 İpucu 1: zip(*columns) sihirli bir araç — 'unpacking' yapısı."", ""💡 İpucu 2: list(zip(*columns)) her satır tuple verir."", ""💡 İpucu 3: list içinde [list(row) for row in zip(*columns)] ile düzleştir.""]","120"
"data-structures","Çoklu Anahtara Göre Sıralama","intermediate","Bir sözlük listesini çoklu anahtara göre sırala.
Önce yaşa göre artan, sonra ada göre alfabetik.
Yapıyı sen seç.","def sort_people(people","[{""input"": [{""name"": ""Ali"", ""age"": 30}, {""name"": ""Ayşe"", ""age"": 25}, {""name"": ""Mehmet"", ""age"": 30}, {""name"": ""Ayşe"", ""age"": 25}], ""expected"": [{""name"": ""Ayşe"", ""age"": 25}, {""name"": ""Ayşe"", ""age"": 25}, {""name"": ""Ali"", ""age"": 30}, {""name"": ""Mehmet"", ""age"": 30}]}]","[]","121"
"list-dict","İki Listenin Simetrik Farkı","beginner","İki listeyi parametre al. Yalnızca bir listede bulunan elemanları
(simetrik fark","def symmetric_diff(a, b","[{""input"": [[1, 2, 3], [3, 4, 5]], ""expected"": [1, 2, 4, 5], ""description"": ""klasik simetrik fark""}, {""input"": [[1, 1, 2], [2, 3]], ""expected"": [1, 3], ""description"": ""tekrarlar kaldirilir""}, {""input"": [[], [1, 2]], ""expected"": [1, 2], ""description"": ""bos liste""}]","[""💡 İpucu 1: set.symmetric_difference() kullanabilirsin."", ""💡 İpucu 2: (a ^ b) küme operatörü de çalışır."", ""💡 İpucu 3: list döndürmek istersen sorted() ile sırala.""]","122"
"python-basics","Bir cümleyi kelimelere ayır ama noktalama işare...","beginner","Bir cümleyi kelimelere ayır ama noktalama işaretlerini kelimeye
yapıştırarak bırak. Örn: ""Merhaba, dünya!"" -> [""Merhaba,"", ""dünya!""]
Yapıyı sen seç.","def split_keep_punct(sentence","[{""input"": ""Merhaba, dünya!"", ""expected"": [""Merhaba,"", ""dünya!""], ""description"": ""temel noktalama""}, {""input"": ""Python mı?"", ""expected"": [""Python"", ""mı?""], ""description"": ""soru işareti""}, {""input"": ""a b c"", ""expected"": [""a"", ""b"", ""c""], ""description"": ""düz metin""}]","[""💡 İpucu 1: re.findall(r\""\\w+[\\w]*\\S*\"", s) deneyebilirsin."", ""💡 İpucu 2: Karakter karakter gezip harf olmayanları sınır olarak kullan."", ""💡 İpucu 3: split() noktalamayı kaybeder, findall daha iyi.""]","123"
"algorithms","Bir dizide n/2'den fazla geçen elemanı bul","intermediate","Bir dizide n/2'den fazla geçen elemanı bul. Her zaman böyle bir
eleman var. Veri yapısı kullanmadan, O(1","def majority_element(nums","[{""input"": [3, 2, 3], ""expected"": 3, ""description"": ""tek majority""}, {""input"": [2, 2, 1, 1, 1, 2, 2], ""expected"": 2, ""description"": ""uzun dizi""}, {""input"": [1], ""expected"": 1, ""description"": ""tek eleman""}]","[""💡 İpucu 1: Boyer-Moore Voting Algorithm kullan."", ""💡 İpucu 2: candidate tut, count artır/azalt."", ""💡 İpucu 3: Son aday kesin çözüm (garanti varken).""]","124"
"data-structures","Bir dict ver","beginner","Bir dict ver. Anahtarlarını value'ya göre artan sırala.
Value eşitse alfabetik olarak anahtara göre sırala.
Sonuç: [(key, value","def sort_by_value(d","[{""input"": {""banana"": 3, ""apple"": 3, ""cherry"": 1}, ""expected"": [[""cherry"", 1], [""apple"", 3], [""banana"", 3]], ""description"": ""tie-break""}, {""input"": {""a"": 2, ""b"": 1}, ""expected"": [[""b"", 1], [""a"", 2]], ""description"": ""basit""}, {""input"": {}, ""expected"": [], ""description"": ""bos dict""}]","[]","125"
"python-basics","İki tam sayının ortalamasını hesapla","intermediate","İki tam sayının ortalamasını hesapla. (a + b","def average(a, b","[{""input"": [10, 20], ""expected"": 15, ""description"": ""pozitif""}, {""input"": [-5, 5], ""expected"": 0, ""description"": ""negatif + pozitif""}, {""input"": [3, 7], ""expected"": 5, ""description"": ""tek sayi""}]","[""💡 İpucu 1: (a & b) + ((a ^ b) >> 1) bitsel çözüm."", ""💡 İpucu 2: Sıradan: (a + b) // 2."", ""💡 İpucu 3: (a // 2) + (b // 2) + ((a % 2 + b % 2) // 2).""]","126"
"pandas","DataFrame\","intermediate","Bir DataFrame\'in sayısal sütunlarını satır bazlı normalize et.
Yani her satır için: (x - min","def row_normalize(df","[{""input"": [[1, 2], [3, 4]], ""expected"": [[0.0, 1.0], [0.0, 1.0]], ""description"": ""basit kare""}, {""input"": [[10, 20, 30]], ""expected"": [[0.0, 0.5, 1.0]], ""description"": ""tek satir""}, {""input"": [[5, 5]], ""expected"": [[0, 0]], ""description"": ""sabit satir""}]","[""💡 İpucu 1: df.select_dtypes(include=\""number\"").sub(df.min(axis=1), axis=0).div(df.max(axis=1) - df.min(axis=1), axis=0)"", ""💡 İpucu 2: axis=1 satır bazlı demek."", ""💡 İpucu 3: max == min olan satırlarda 0/0 olur, NaN döner.""]","127"
"algorithms","Bir dizideki en uzun kesin artan altdizinin uzu...","intermediate","Bir dizideki en uzun kesin artan altdizinin uzunluğunu bul.
Örn: [10, 9, 2, 5, 3, 7, 101, 18] -> 4 (2, 3, 7, 18 veya 2, 5, 7, 101","def length_of_lis(nums","[{""input"": [10, 9, 2, 5, 3, 7, 101, 18], ""expected"": 4, ""description"": ""klasik""}, {""input"": [0, 1, 0, 3, 2, 3], ""expected"": 4, ""description"": ""tekrar""}, {""input"": [7, 7, 7, 7], ""expected"": 1, ""description"": ""sabit dizi""}]","[""💡 İpucu 1: Patience sorting / binary search ile O(n log n)."", ""💡 İpucu 2: bisect_left ile uygun pozisyonu bul."", ""💡 İpucu 3: O(n²) DP de çalışır ama yavaş.""]","128"
"algorithms","Çakışan aralıkları birleştir","intermediate","Çakışan aralıkları birleştir. Sonuç: çakışmayan, sıralı aralıklar.
Girdi: [[1,3],[2,6],[8,10],[15,18]] -> [[1,6],[8,10],[15,18]]
Yapıyı sen seç.","def merge_intervals(intervals","[{""input"": [[1, 3], [2, 6], [8, 10], [15, 18]], ""expected"": [[1, 6], [8, 10], [15, 18]], ""description"": ""klasik""}, {""input"": [[1, 4], [4, 5]], ""expected"": [[1, 5]], ""description"": ""temas birlesir""}, {""input"": [], ""expected"": [], ""description"": ""bos liste""}]","[""💡 İpucu 1: önce start'a göre sırala."", ""💡 İpucu 2: sıralı liste gezip current.end >= next.start ise birleştir."", ""💡 İpucu 3: stack mantığı da kullanılabilir.""]","129"
"pandas","DataFrame\","intermediate","DataFrame\'deki kategorik sütunlarda NaN değerleri en sık geçen
değerle (mode","def fill_categorical_nan(df","[{""input"": ""df with NaN in 'city' column"", ""expected"": ""df with NaN filled by mode"", ""description"": ""temel""}, {""input"": ""df all numeric"", ""expected"": ""df unchanged"", ""description"": ""sayisal dokunulmaz""}, {""input"": ""df no NaN"", ""expected"": ""df unchanged"", ""description"": ""bos is yok""}]","[]","130"
"python-basics","Listedeki Yinelenenleri Say","beginner","Bir listedeki elemanların kaç kez geçtiğini dict olarak döndür.
Sıra önemsiz. Yapıyı sen seç.","def count_items(items","[{""input"": [1, 2, 2, 3, 3, 3], ""expected"": {""1"": 1, ""2"": 2, ""3"": 3}, ""description"": ""basit""}, {""input"": [], ""expected"": {}, ""description"": ""bos liste""}, {""input"": [""a"", ""a"", ""b""], ""expected"": {""a"": 2, ""b"": 1}, ""description"": ""string""}]","[""💡 İpucu 1: collections.Counter(items)."", ""💡 İpucu 2: dict.get(k, 0) + 1 döngüsü."", ""💡 İpucu 3: defaultdict(int) kullanabilirsin.""]","131"
"data-structures","Deque Kullanarak Kayan Pencere Maksimumu","intermediate","Bir dizide k boyutunda kayan pencere ile her pencerenin maksimumunu bul.
O(n","def max_sliding_window(nums, k","[{""input"": [[1, 3, -1, -3, 5, 3, 6, 7], 3], ""expected"": [3, 3, 5, 5, 6, 7], ""description"": ""klasik""}, {""input"": [[1], 1], ""expected"": [1], ""description"": ""tek eleman""}, {""input"": [[9, 11], 2], ""expected"": [11], ""description"": ""k=2""}]","[""💡 İpucu 1: deque tut, index'leri sakla."", ""💡 İpucu 2: eski ve küçük index'leri çıkar."", ""💡 İpucu 3: her adımda deque[0] = pencere max.""]","132"
"python-basics","İki listenin ortak elemanlarını, ilk listenin s...","beginner","İki listenin ortak elemanlarını, ilk listenin sırası koruyarak döndür.
Yapıyı sen seç.","def common_in_order(a, b","[{""input"": [[1, 2, 3, 4], [3, 4, 5, 6]], ""expected"": [3, 4], ""description"": ""temel""}, {""input"": [[1, 1, 2], [1, 2, 2]], ""expected"": [1, 1, 2], ""description"": ""tekrarlar korunur""}, {""input"": [[], [1]], ""expected"": [], ""description"": ""bos liste""}]","[""💡 İpucu 1: set(b) oluştur, sonra a'da gez, varsa ekle."", ""💡 İpucu 2: list comprehension ile tek satır."", ""💡 İpucu 3: dict.fromkeys ile tekrarı at.""]","133"
"list-dict","Sözlük Anahtarlarını Swap ile Değiştir","beginner","Bir dict\'in anahtarları ile değerlerini yer değiştir.
Değerler benzersiz olmalı. Yapıyı sen seç.","def invert_dict(d","[{""input"": {""a"": 1, ""b"": 2, ""c"": 3}, ""expected"": {""1"": ""a"", ""2"": ""b"", ""3"": ""c""}, ""description"": ""temel""}, {""input"": {""x"": ""y""}, ""expected"": {""y"": ""x""}, ""description"": ""tekil""}, {""input"": {}, ""expected"": {}, ""description"": ""bos dict""}]","[""💡 İpucu 1: {v: k for k, v in d.items()}"", ""💡 İpucu 2: dict comprehension en kısa."", ""💡 İpucu 3: zip ile de yapılabilir: dict(zip(d.values(), d.keys())).""]","134"
"data-structures","Bir string\'deki parantezlerin (","beginner","Bir string\'deki parantezlerin (","def is_balanced(s","[{""input"": ""()[]{}"", ""expected"": true, ""description"": ""hep dogru""}, {""input"": ""(]"", ""expected"": false, ""description"": ""yanlis cins""}, {""input"": ""([)]"", ""expected"": false, ""description"": ""ici ice yanlis""}, {""input"": ""{[]}"", ""expected"": true, ""description"": ""ici ice dogru""}]","[""💡 İpucu 1: dict ile kapanis->acilis eslemesi tut."", ""💡 İpucu 2: stack oluştur, acilanlari push, kapananla esle."", ""💡 İpucu 3: en sonunda stack bos olmali.""]","135"
"algorithms","Bir linked list\'te döngü var mı? Tortoise-Hare...","intermediate","Bir linked list\'te döngü var mı? Tortoise-Hare (Floyd","def has_cycle(head","[{""input"": ""linked list with cycle"", ""expected"": true, ""description"": ""dongulu""}, {""input"": ""linear list"", ""expected"": false, ""description"": ""duz""}, {""input"": ""single node no cycle"", ""expected"": false, ""description"": ""tekil""}]","[""💡 İpucu 1: slow, fast = head, head."", ""💡 İpucu 2: slow birer, fast ikişer ilerler."", ""💡 İpucu 3: slow == fast ise dongu var.""]","136"
"list-dict","İki dict\'i birleştir","intermediate","İki dict\'i birleştir. Çakışan anahtarlarda ikincinin değeri kazansın.
Yapıyı sen seç.","def merge_dicts(a, b","[{""input"": [{""x"": 1, ""y"": 2}, {""y"": 3, ""z"": 4}], ""expected"": {""x"": 1, ""y"": 3, ""z"": 4}, ""description"": ""catisma""}, {""input"": [{""a"": 1}, {""b"": 2}], ""expected"": {""a"": 1, ""b"": 2}, ""description"": ""ayrik""}, {""input"": [{}, {""k"": ""v""}], ""expected"": {""k"": ""v""}, ""description"": ""bos a""}]","[""💡 İpucu 1: {**a, **b} Python 3.5+ syntax."", ""💡 İpucu 2: a | b Python 3.9+ operatörü."", ""💡 İpucu 3: dict(b.items() + a.items()) eski yöntem.""]","137"
"algorithms","Pivotlanmış Binary Search","intermediate","Döndürülmüş sıralı dizide bir hedef değeri bul. Varsa index, yoksa -1.
[4,5,6,7,0,1,2] target=0 -> 4. O(log n","def search_rotated(nums, target","[{""input"": [[4, 5, 6, 7, 0, 1, 2], 0], ""expected"": 4, ""description"": ""pivot ortada""}, {""input"": [[4, 5, 6, 7, 0, 1, 2], 3], ""expected"": -1, ""description"": ""yok""}, {""input"": [[1], 0], ""expected"": -1, ""description"": ""tekil yok""}]","[""💡 İpucu 1: Her adımda hangi yarının sıralı olduğunu belirle."", ""💡 İpucu 2: mid ile target'i karşılaştır."", ""💡 İpucu 3: duplicate'lerde O(log n) zorlaşır — LeetCode 81.""]","138"
"pandas","DataFrame\","beginner","Her sütun için NaN sayısını hesapla ve dict olarak döndür.
{column_name: nan_count}. Veri yapısı senin.","def nan_counts(df","[{""input"": ""df with NaN in 2 cols"", ""expected"": ""{'a': 1, 'b': 2}"", ""description"": ""NaN var""}, {""input"": ""df no NaN"", ""expected"": ""{}"", ""description"": ""temiz""}, {""input"": ""df all NaN"", ""expected"": ""{'a': 5}"", ""description"": ""hepsi NaN""}]","[""💡 İpucu 1: df.isna().sum().to_dict() tek satırda çözer."", ""💡 İpucu 2: dict comprehension ile: {c: df[c].isna().sum() for c in df.columns}."", ""💡 İpucu 3: Series.sum() NaN'leri 0 sayar.""]","139"
"python-basics","İki string birbirinin permütasyonu mu? (aynı ka...","beginner","İki string birbirinin permütasyonu mu? (aynı karakterler farklı sırada","def is_permutation(a, b","[{""input"": [""abc"", ""bca""], ""expected"": true, ""description"": ""temel""}, {""input"": [""abc"", ""abd""], ""expected"": false, ""description"": ""farkli karakter""}, {""input"": ["""", """"], ""expected"": true, ""description"": ""bos-bos""}, {""input"": [""a"", ""aa""], ""expected"": false, ""description"": ""uzunluk farkli""}]","[""💡 İpucu 1: sorted(a) == sorted(b) en kısa."", ""💡 İpucu 2: Counter(a) == Counter(b) karakter sayıları."", ""💡 İpucu 3: Önce len kontrolü yap, erken çık.""]","140"
"data-structures","LRU Cache Uygulaması","intermediate","En az kullanılan elemanı (LRU","class LRUCache:
    def __init__(self, capacity","[{""input"": ""[put(1,1),put(2,2),get(1),put(3,3),get(2)]"", ""expected"": ""[1, -1]"", ""description"": ""klasik""}, {""input"": ""[put(2,1),get(2)]"", ""expected"": ""[1]"", ""description"": ""basit""}]","[""💡 İpucu 1: collections.OrderedDict.move_to_end."", ""💡 İpucu 2: dict + doubly linked list (Node sınıfı)."", ""💡 İpucu 3: get hit ettiğinde sırayı sona taşı.""]","141"
"dynamic-programming","Climbing Stairs","beginner","n basamaklı bir merdiven var. Her adımda 1 veya 2 basamak çıkabilirsin.
Kaç farklı yol var?
Temel DP: dp[i] = dp[i-1] + dp[i-2] (Fibonacci).","def climb_stairs(n: int) -> int:
    # dp[1]=1, dp[2]=2, dp[i]=dp[i-1]+dp[i-2]
    pass","[{""input"": 2, ""expected"": 2}, {""input"": 3, ""expected"": 3}, {""input"": 5, ""expected"": 8}]","[""💡 dp[1]=1, dp[2]=2 ile başla"", ""💡 dp[i] = dp[i-1] + dp[i-2] (1 veya 2 basamak)"", ""💡 Son iki değeri değişkende tut, O(1) hafıza""]","142"
"dynamic-programming","Coin Change","intermediate","Verilen coin listesi ile amount kadar para üret.
En az kaç coin gerekir? Olası değilse -1.
Unbounded knapsack.","def coin_change(coins: list, amount: int) -> int:
    # dp[i] = i amount icin minimum coin sayisi
    pass","[{""input"": {""coins"": [1, 5, 10, 25], ""amount"": 41}, ""expected"": 4}, {""input"": {""coins"": [2], ""amount"": 3}, ""expected"": -1}]","[""💡 dp[0]=0, dp[i]=min(dp[i-coin]+1 for coin in coins)"", ""💡 Sonsuz ile başlat (float('inf'))"", ""💡 Her coin için tüm amount'ları güncelle""]","143"
"dynamic-programming","0/1 Knapsack","intermediate","Her item'ın weight ve value'su var. Kapasite W.
Maksimum value elde et (her item en fazla 1 kez).","def knapsack(weights: list, values: list, W: int) -> int:
    # dp[i][w] = ilk i item ile kapasite w icin max value
    pass","[{""input"": {""weights"": [1, 3, 4, 5], ""values"": [1, 4, 5, 7], ""W"": 7}, ""expected"": 9}]","[""💡 2D DP tablosu: dp[i][w]"", ""💡 ya item'i al ya alma: max(dp[i-1][w], dp[i-1][w-weight]+value)"", ""💡 1D DP'ye indir (geriye doğru döngü)""]","144"
"dynamic-programming","Longest Common Subsequence","advanced","İki string'in en uzun ortak alt dizisinin uzunluğu.
LCS — klasik 2D DP.","def lcs(text1: str, text2: str) -> int:
    # dp[i][j] = text1[:i] ve text2[:j] LCS
    pass","[{""input"": {""text1"": ""abcde"", ""text2"": ""ace""}, ""expected"": 3}, {""input"": {""text1"": ""abc"", ""text2"": ""abc""}, ""expected"": 3}]","[""💡 Eşit karakter: dp[i][j] = dp[i-1][j-1] + 1"", ""💡 Farklı: max(dp[i-1][j], dp[i][j-1])"", ""💡 Boş string base case""]","145"
"dynamic-programming","Longest Increasing Subsequence","advanced","Bir dizide en uzun kesin artan altdizinin uzunluğu.
LIS — O(n log n) patience sorting ile optimal.","def length_of_lis(nums: list) -> int:
    # O(n log n): bisect_left ile tails dizisi
    pass","[{""input"": [10, 9, 2, 5, 3, 7, 101, 18], ""expected"": 4}, {""input"": [0, 1, 0, 3, 2, 3], ""expected"": 4}]","[""💡 tails[i] = uzunluk i+1 olan LIS'in minimum son elemanı"", ""💡 bisect_left(tails, num) ile yer bul"", ""💡 len(tails) = cevap""]","146"
"dynamic-programming","Maximum Subarray (Kadane)","beginner","Bir dizide en büyük toplam alt diziyi bul.
Kadane's algorithm — O(n).","def max_subarray(nums: list) -> int:
    # current = max(current + num, num), best = max(best, current)
    pass","[{""input"": [-2, 1, -3, 4, -1, 2, 1, -5, 4], ""expected"": 6}, {""input"": [1], ""expected"": 1}]","[""💡 current_max ya current + num ya num"", ""💡 best'i her adımda güncelle"", ""💡 Hepsi negatifse en büyük negatif döner""]","147"
"dynamic-programming","Word Break","intermediate","String s, wordDict'teki kelimelerle oluşturulabilir mi?
Her kelime en az 1 kez, sırasıyla.","def word_break(s: str, word_dict: list) -> bool:
    # dp[i] = s[:i] wordDict ile olusturulabilir mi
    pass","[{""input"": {""s"": ""leetcode"", ""word_dict"": [""leet"", ""code""]}, ""expected"": true}, {""input"": {""s"": ""catsandog"", ""word_dict"": [""cats"", ""dog"", ""sand"", ""and"", ""cat""]}, ""expected"": false}]","[""💡 dp[0]=True, dp[i] = any(dp[j] and s[j:i] in wordDict for j<i)"", ""💡 set'e çevir lookup için O(1)"", ""💡 İç döngüyü j üzerinde tut""]","148"
"dynamic-programming","Edit Distance","advanced","word1'i word2'ye çevirmek için minimum işlem.
İşlemler: insert, delete, replace (her biri 1).","def edit_distance(word1: str, word2: str) -> int:
    # dp[i][j] = word1[:i] → word2[:j] mesafesi
    pass","[{""input"": {""word1"": ""horse"", ""word2"": ""ros""}, ""expected"": 3}, {""input"": {""word1"": ""intention"", ""word2"": ""execution""}, ""expected"": 5}]","[""💡 Eşit karakter: dp[i][j] = dp[i-1][j-1]"", ""💡 Farklı: 1 + min(insert, delete, replace)"", ""💡 dp[0][j]=j, dp[i][0]=i""]","149"
"dynamic-programming","Unique Paths","beginner","m×n grid'de (0,0)'dan (m-1,n-1)'e sadece sağ/aşağı.
Kaç farklı yol?","def unique_paths(m: int, n: int) -> int:
    # dp[i][j] = (0,0)'dan (i,j)'ye yol sayisi
    pass","[{""input"": {""m"": 3, ""n"": 7}, ""expected"": 28}, {""input"": {""m"": 3, ""n"": 2}, ""expected"": 3}]","[""💡 dp[i][j] = dp[i-1][j] + dp[i][j-1]"", ""💡 dp[0][j]=dp[i][0]=1"", ""💡 1D versiyon: sadece son satırı tut""]","150"
"dynamic-programming","House Robber","beginner","Bir dizi ev var. Yan yana iki ev soyamazsın.
Maksimum para.","def rob(nums: list) -> int:
    # dp[i] = ilk i ev icin max, dp[i] = max(dp[i-1], dp[i-2]+nums[i-1])
    pass","[{""input"": [1, 2, 3, 1], ""expected"": 4}, {""input"": [2, 7, 9, 3, 1], ""expected"": 12}]","[""💡 ya i. evi soy ya soymа"", ""💡 dp[i] = max(dp[i-1], dp[i-2] + nums[i-1])"", ""💡 O(1) hafıza: prev1, prev2""]","151"
"dynamic-programming","Decode Ways","intermediate","Sayı string'ini decode et. 'A'=1, 'B'=2, ..., 'Z'=26.
Kaç farklı yol var?","def num_decodings(s: str) -> int:
    # dp[i] = s[:i] decode yol sayisi
    pass","[{""input"": ""12"", ""expected"": 2}, {""input"": ""226"", ""expected"": 3}, {""input"": ""06"", ""expected"": 0}]","[""💡 '0' ile başlayan geçersiz"", ""💡 Tek hane: dp[i] += dp[i-1] (eğer s[i-1] != '0')"", ""💡 İki hane: dp[i] += dp[i-2] (eğer 10 <= int(s[i-2:i]) <= 26)""]","152"
"dynamic-programming","Partition Equal Subset Sum","intermediate","Dizi iki alt kümeye bölünebilir mi, eşit toplam?
Subset sum problemi.","def can_partition(nums: list) -> bool:
    # toplam tekse False, dp[target] kontrol et
    pass","[{""input"": [1, 5, 11, 5], ""expected"": true}, {""input"": [1, 2, 3, 5], ""expected"": false}]","[""💡 Hedef = toplam // 2"", ""💡 Toplam tekse hemen False"", ""💡 dp[s] = s toplam elde edilebilir mi""]","153"
"heap","Kth Largest Element","beginner","Bir dizideki k. en büyük elemanı bul.
O(n log k) heap ile.","def find_kth_largest(nums: list, k: int) -> int:
    # heapq.nlargest(k, nums)[-1] veya min-heap k boyutunda
    pass","[{""input"": {""nums"": [3, 2, 1, 5, 6, 4], ""k"": 2}, ""expected"": 5}, {""input"": {""nums"": [3, 2, 3, 1, 2, 4, 5, 5, 6], ""k"": 4}, ""expected"": 4}]","[""💡 heapq.nlargest(k, nums)[-1] O(n log k)"", ""💡 Veya min-heap tut, boyut k'yı geçince pop"", ""💡 Quickselect O(n) ortalama ama unstable""]","154"
"heap","Top K Frequent Elements","intermediate","En sık geçen k elemanı bul (sıra önemli değil).","def top_k_frequent(nums: list, k: int) -> list:
    # Counter + heapq.nlargest
    pass","[{""input"": {""nums"": [1, 1, 1, 2, 2, 3], ""k"": 2}, ""expected"": [1, 2]}]","[""💡 Counter ile frekansları say"", ""💡 heapq.nlargest(k, freq.items(), key=lambda x: x[1])"", ""💡 Bucket sort O(n) ile de yapılabilir""]","155"
"heap","Merge K Sorted Lists","advanced","K tane sıralı listeyi tek sıralı liste olarak birleştir.
List[list[int]] input olarak gelir.","def merge_k_sorted(lists: list) -> list:
    # heapq ile k heap, her seferinde min pop
    pass","[{""input"": [[1, 4, 5], [1, 3, 4], [2, 6]], ""expected"": [1, 1, 2, 3, 4, 4, 5, 6]}]","[""💡 heapq.merge(*lists) kullan"", ""💡 Veya manuel: (val, idx, list_idx) tuple heap'le"", ""💡 Her adımda en küçük elemanı al""]","156"
"heap","Find Median from Data Stream","advanced","Veri akışından medyanı bul.
İki heap: max-heap (küçük yarı) + min-heap (büyük yarı).","class MedianFinder:
    def __init__(self):
        # self.small = [], self.large = []
        pass
    def add_num(self, num: int) -> None:
        pass
    def find_median(self) -> float:
        pass","[{""ops"": [""MedianFinder"", ""addNum"", ""addNum"", ""findMedian"", ""addNum"", ""findMedian""], ""args"": [[], [1], [2], [], [3], []], ""expected"": [null, null, null, 1.5, null, 2.0]}]","[""💡 small (max-heap) ≤ large (min-heap)"", ""💡 len(small) >= len(large), fark max 1"", ""💡 Medyan: small[0] veya (small[0]+large[0])/2""]","157"
"heap","Task Scheduler","intermediate","Aynı task arasında en az n boşluk olmalı.
Minimum süre?","def least_interval(tasks: list, n: int) -> int:
    # max frekanslı task etrafında plan yap
    pass","[{""input"": {""tasks"": [""A"", ""A"", ""A"", ""B"", ""B"", ""B""], ""n"": 2}, ""expected"": 8}]","[""💡 En sık task sayısı f_max"", ""💡 minimum = max(len(tasks), (f_max-1)*(n+1) + max_count)"", ""💡 max_count = f_max olan task sayısı""]","158"
"heap","K Closest Points to Origin","intermediate","Orijine en yakın K noktayı bul.","def k_closest(points: list, k: int) -> list:
    # (uzaklık, x, y) tuple'a göre heap
    pass","[{""input"": {""points"": [[1, 3], [-2, 2]], ""k"": 1}, ""expected"": [[-2, 2]]}]","[""💡 heapq.nsmallest(k, points, key=lambda p: p[0]**2 + p[1]**2)"", ""💡 Veya max-heap k boyutunda, O(n log k)"", ""💡 Uzaklık hesabı: sqrt yerine karesi yeterli""]","159"
"heap","Last Stone Weight","beginner","İki en ağır taşı çarpıştır, küçük olan kaybolur.
Son kalan taşın ağırlığı?","def last_stone_weight(stones: list) -> int:
    # heapq'yu max-heap gibi kullan (negatif değer)
    pass","[{""input"": [2, 7, 4, 1, 8, 1], ""expected"": 1}]","[""💡 heapq min-heap, ama max-heap için negatifleri sakla"", ""💡 heapq.heappush/heappop ile yönet"", ""💡 Eşitse ikisi de silinir""]","160"
"heap","Smallest Number Range","advanced","K sıralı dizide hepsinden en az 1 eleman içeren
en küçük aralık [a,b]?","def smallest_range(nums: list) -> list:
    # heap ile (max, idx, list_idx) takip
    pass","[{""input"": [[4, 10, 15, 24, 26], [0, 9, 12, 20], [5, 18, 22, 30]], ""expected"": [20, 24]}]","[""💡 Her diziden ilk elemanı al, heap'e koy"", ""💡 Min'i pop, max'i tut, aralık güncelle"", ""💡 Pop edilen listeden sonraki elemana bak""]","161"
"stack","Valid Parentheses","beginner","Bir string'de parantezler dengeli mi?
() [] {}","def is_valid(s: str) -> bool:
    # stack, açılışta push, kapanışta pop ve match kontrol
    pass","[{""input"": ""()"", ""expected"": true}, {""input"": ""()[]{}"", ""expected"": true}, {""input"": ""(]"", ""expected"": false}]","[""💡 Stack'te son açılan parantezi tut"", ""💡 Kapanış gelince stack'ten pop, eşleşmeli"", ""💡 String sonunda stack boş olmalı""]","162"
"stack","Min Stack","intermediate","Stack O(1)'de push, pop, top, getMin.
Her değer için şu ana kadarki min'i sakla.","class MinStack:
    def __init__(self): pass
    def push(self, val: int) -> None: pass
    def pop(self) -> None: pass
    def top(self) -> int: pass
    def get_min(self) -> int: pass","[{""ops"": [""MinStack"", ""push"", ""push"", ""push"", ""getMin"", ""pop"", ""getMin""], ""args"": [[], [-2], [0], [-3], [], [], []], ""expected"": [null, null, null, null, -3, null, -2]}]","[""💡 Tuple stack: (val, current_min)"", ""💡 Her push'ta min(val, son_min)"", ""💡 Pop'ta tuple'ı sil, top eski tuple'dan""]","163"
"stack","Daily Temperatures","intermediate","Her gün için, sonraki daha sıcak günü kaç gün sonra?
Yoksa 0.","def daily_temperatures(temps: list) -> list:
    # monotonik stack, index tut
    pass","[{""input"": [73, 74, 75, 71, 69, 72, 76, 73], ""expected"": [1, 1, 4, 2, 1, 1, 0, 0]}]","[""💡 Stack'te index tut"", ""💡 Mevcut sıcaklık > stack top ise: farkı yaz, pop"", ""💡 Stack monoton decreasing kalır""]","164"
"stack","Evaluate Reverse Polish Notation","intermediate","RPN ifadesini hesapla. ""2 1 + 3 *"" = 9.","def eval_rpn(tokens: list) -> int:
    # stack, sayı push, operatör gelince 2 pop ve hesapla
    pass","[{""input"": [""2"", ""1"", ""+"", ""3"", ""*""], ""expected"": 9}, {""input"": [""4"", ""13"", ""5"", ""/"", ""+""], ""expected"": 6}]","[""💡 Operatör değilse stack'e push"", ""💡 Operatörse 2 sayıyı pop ve uygula"", ""💡 Bölme Python negatif-yuvarlama farkına dikkat""]","165"
"stack","Largest Rectangle in Histogram","advanced","Histogram'da en büyük dikdörtgen alanı bul.","def largest_rectangle(heights: list) -> int:
    # stack'te index tut, artan heights
    pass","[{""input"": [2, 1, 5, 6, 2, 3], ""expected"": 10}]","[""💡 Stack'te artan yüksekliklerin indexleri"", ""💡 heights[i] < stack top: genişlik = i - stack[-2] - 1"", ""💡 Sonda sentinel -1 ile stack boşalt""]","166"
"queue","Implement Queue with Stacks","beginner","Sadece stack kullanarak queue implement et.
Amortized O(1).","class MyQueue:
    def __init__(self): pass
    def push(self, x: int) -> None: pass
    def pop(self) -> int: pass
    def peek(self) -> int: pass
    def empty(self) -> bool: pass","[{""ops"": [""MyQueue"", ""push"", ""push"", ""peek"", ""pop"", ""empty""], ""args"": [[], [1], [2], [], [], []], ""expected"": [null, null, null, 1, 1, false]}]","[""💡 İki stack: input + output"", ""💡 Pop/peek'te output boşsa input'tan aktar"", ""💡 Amortized O(1): her eleman max 2 kez taşınır""]","167"
"queue","Sliding Window Maximum","advanced","Her k-boyutlu pencerede maksimum.
Deque (monotonic queue) — O(n).","def max_sliding_window(nums: list, k: int) -> list:
    # deque, (idx, val) tut, monoton decreasing
    pass","[{""input"": {""nums"": [1, 3, -1, -3, 5, 3, 6, 7], ""k"": 3}, ""expected"": [3, 3, 5, 5, 6, 7]}]","[""💡 deque sol = en büyük, monoton decreasing"", ""💡 Yeni eleman daha büyükse arkadan küçükleri at"", ""💡 i >= k-1 olduğunda deque[0] cevap""]","168"
"queue","Design Circular Queue","intermediate","Sabit boyutlu circular queue tasarla.
FIFO, front/rear wrap eder.","class CircularQueue:
    def __init__(self, k: int): pass
    def en_queue(self, value: int) -> bool: pass
    def de_queue(self) -> bool: pass
    def front(self) -> int: pass
    def rear(self) -> int: pass
    def is_empty(self) -> bool: pass
    def is_full(self) -> bool: pass","[{""ops"": [""CircularQueue"", ""enQueue"", ""enQueue"", ""enQueue"", ""enQueue"", ""rear"", ""isFull"", ""deQueue"", ""enQueue"", ""front""], ""args"": [[3], [1], [2], [3], [4], [], [], [], [4], []], ""expected"": [null, true, true, true, false, 3, true, true, true, 4]}]","[""💡 head/tail index, modulo ile wrap"", ""💡 count ile boş/dolu takibi"", ""💡 Veya bir slot boş bırak (head==tail → boş)""]","169"
"queue","Number of Recent Calls","beginner","Son 3000 ms içindeki ping sayısı.
Her ping() çağrısı için.","class RecentCounter:
    def __init__(self): pass
    def ping(self, t: int) -> int:
        # deque, t-3000'den küçükleri at
        pass","[{""ops"": [""RecentCounter"", ""ping"", ""ping"", ""ping"", ""ping""], ""args"": [[], [1], [100], [3001], [3002]], ""expected"": [null, 1, 2, 3, 3]}]","[""💡 deque'ya t ekle"", ""💡 deque[0] < t-3000 ise pop"", ""💡 len(deque) = cevap""]","170"
"queue","Moving Average from Data Stream","intermediate","Son N değerin ortalaması (sliding window).","class MovingAverage:
    def __init__(self, size: int): pass
    def next(self, val: float) -> float:
        # queue, sum, window dolunca eskiyi cikar
        pass","[{""ops"": [""MovingAverage"", ""next"", ""next"", ""next"", ""next""], ""args"": [[3], [1], [10], [3], [5]], ""expected"": [null, 1.0, 5.5, 4.666666666666667, 6.0]}]","[""💡 deque maxlen=size"", ""💡 sum tut"", ""💡 Her next: push + sum güncelle""]","171"
